MMSI,BaseDateTime,LAT,LON,SOG,COG,Heading,VesselName,IMO,CallSign,VesselType,Status,Length,Width,Draft,Cargo,TransceiverClass
338075892,2024-01-01T00:00:03,43.65322,-70.25298,0.0,358.8,511.0,PILOT BOAT SPRING PT,,WDB8945,90,0,0,0,0.0,90,A
367669550,2024-01-01T00:00:04,46.20031,-123.38573,0.0,281.9,141.0,ALASKA CHALLENGER,IMO7938024,WDH9586,30,15,30,8,0.0,30,A
367118980,2024-01-01T00:00:06,29.98534,-90.40674,0.0,30.1,296.0,CAPT J A MORGAN,IMO1186680,WDD2725,31,12,115,34,3.0,57,A
367177840,2024-01-01T00:00:05,39.88654,-75.17649,0.0,304.4,511.0,BART TURECAMO,IMO7338808,WBR4464,52,15,33,5,0.0,52,A
367305420,2024-01-01T00:00:06,18.33273,-64.95229,0.0,332.6,511.0,DOROTHY MORAN,IMO7716995,WXU4654,52,0,33,11,0.0,52,A
338239081,2024-01-01T00:00:05,38.95731,-76.48410,0.1,111.3,511.0,JAHAZI,IMO0000000,,36,,12,4,,,B
367507960,2024-01-01T00:00:02,33.75386,-118.22404,0.0,281.8,511.0,DB SALTA VERDE,,WDF9705,90,3,56,15,2.0,90,A
636018568,2024-01-01T00:00:04,29.27798,-94.59552,10.5,140.7,143.0,VIVIT ALTAIS,IMO9840879,D5QH3,80,0,230,32,11.8,80,A
366847780,2024-01-01T00:00:03,30.18136,-87.67583,7.6,259.0,262.0,PACIFIC DAWN,IMO7400467,WDA7844,31,0,30,8,5.0,31,A
367468580,2024-01-01T00:00:04,29.97021,-90.24457,0.0,144.3,511.0,EMMA CLAIRE,,WDF5910,31,0,20,7,2.0,31,A
367072840,2024-01-01T00:00:02,29.57720,-90.60772,0.0,305.7,178.0,KELLY MORRISON,IMO8216485,WDC7532,34,0,60,18,13.3,34,A
368001250,2024-01-01T00:00:08,29.73652,-95.27787,0.1,351.4,161.0,GRAND ANN,IMO0639580,WDJ6890,52,3,97,36,3.0,52,A
366997450,2024-01-01T00:00:03,30.52843,-88.11744,0.0,306.2,511.0,LA BELLE,IMO0000097,WDC2767,31,0,20,16,2.5,31,A
367767310,2024-01-01T00:00:06,27.84387,-97.06975,1.4,314.5,511.0,MICHAEL W BEHRENS,,WDJ3363,60,0,48,16,3.3,60,A
367002380,2024-01-01T00:00:00,30.11553,-90.99878,3.0,16.2,511.0,FREEDOM_II,,WDN7105,31,15,20,9,9.0,31,A
366952790,2024-01-01T00:00:00,40.70003,-74.01225,0.4,303.0,160.0,GUY V MOLINARI,IMO9333486,WDB8295,60,0,100,24,4.0,60,A
367691010,2024-01-01T00:00:00,41.32739,-70.11074,14.6,334.3,333.0,WOODS HOLE,IMO9792931,WDI3700,60,0,70,18,4.0,60,A
368102470,2024-01-01T00:00:01,30.06230,-90.87162,5.7,285.2,511.0,JOANNE C,,WDK9314,52,0,23,8,3.0,52,A
368327980,2024-01-01T00:00:01,40.64431,-74.11334,0.0,360.0,511.0,HENRY GIRLS,,WDN9539,52,0,75,26,0.0,52,A
368055190,2024-01-01T00:00:00,29.42377,-94.72035,0.0,138.4,47.0,BRADY DAWSON,IMO1289289,WDK4438,52,12,119,34,3.0,52,A
367705050,2024-01-01T00:00:00,47.60772,-122.38415,5.2,308.1,302.0,C E,,WDI5089,31,0,30,10,3.7,31,A
367390740,2024-01-01T00:00:06,40.94998,-73.06836,0.0,0.0,511.0,SEAWOLF,IMO8853489,WDE7235,90,0,24,6,3.5,90,A
367409290,2024-01-01T00:00:07,43.20646,-70.44982,10.6,212.1,212.0,TIMOTHY L REINAUER,IMO7902049,WDE8763,52,0,138,24,8.3,57,A
316036661,2024-01-01T00:00:05,48.43215,-123.42844,0.0,360.0,511.0,PARKSVILLE,,CGKC,52,12,13,5,0.0,52,A
367526740,2024-01-01T00:00:03,29.76507,-91.73913,0.0,333.5,511.0,CAPT SHAWN D MARTINE,,WDG3504,52,12,26,10,2.9,52,A
369580000,2024-01-01T00:00:01,48.59628,-122.60380,11.0,78.8,75.0,SOUND RELIANCE,IMO9277369,WXAE,52,0,183,23,6.4,57,A
366982340,2024-01-01T00:00:05,47.26237,-122.38850,0.0,254.7,35.0,BRYNN FOSS,IMO8127567,WTT8531,52,0,30,11,6.0,52,A
477136800,2024-01-01T00:00:06,34.45367,-120.91487,13.4,284.7,283.0,COSCO KAOHSIUNG,IMO9355563,VREM3,71,0,349,46,13.8,71,A
316041898,2024-01-01T00:00:00,48.65237,-123.44927,0.0,218.4,58.0,CADBORO BAY,,,51,0,19,6,1.8,51,A
367316630,2024-01-01T00:00:04,30.70531,-88.03956,0.0,239.1,349.0,SAVANNAH,IMO9269738,WDD9810,52,0,28,10,0.0,52,A
369493667,2024-01-01T00:00:06,37.81045,-122.36070,0.1,360.0,511.0,CG45667,,,51,0,14,4,1.0,51,A
368171390,2024-01-01T00:00:09,33.74635,-118.20791,2.9,358.9,5.0,BROOKS M HAMILTON,,WDL8631,52,0,26,10,2.6,52,A
367186360,2024-01-01T00:00:06,29.84020,-91.95658,4.5,79.6,77.0,CAPT TIMMY CALLAIS,,WDD7434,31,12,27,9,3.1,31,A
636022875,2024-01-01T00:00:07,46.17595,-124.60901,15.9,353.4,352.0,MSC ATHOS,IMO9618317,5LKV7,71,0,300,48,10.3,71,A
367653490,2024-01-01T00:00:05,30.32442,-87.33286,0.0,189.8,511.0,CHRISTI C,IMO0000041,WDH7980,31,0,30,14,2.2,31,A
367022790,2024-01-01T00:00:04,40.53144,-74.25279,0.0,305.3,199.0,QUENAMES,,WTU9038,52,0,25,9,3.0,52,A
367005470,2024-01-01T00:00:04,28.86339,-96.02809,0.0,360.0,194.0,CREOLE RIVERS,IMO0590667,WDC3300,31,15,111,8,3.0,57,A
303390000,2024-01-01T00:00:02,40.67505,-74.07211,0.1,276.5,300.0,RN WEEKS,IMO8516079,WBV3250,33,5,90,18,6.1,33,A
367154130,2024-01-01T00:00:01,29.08452,-88.70500,0.3,360.0,511.0,MR SEAMAN,IMO8964276,WCZ3468,60,0,43,9,0.0,60,A
368058110,2024-01-01T00:00:01,27.81828,-97.47346,5.5,107.2,105.0,MARK E. KUEBLER,IMO9866110,WDK4725,52,0,30,13,6.2,52,A
366945650,2024-01-01T00:00:08,35.47684,-90.00378,6.1,324.5,326.0,SALLY ARCHER,,WDB7650,31,12,488,55,3.1,57,A
367780660,2024-01-01T00:00:07,29.76395,-95.09827,0.0,244.2,231.0,CAPT THOMAS PAUL,,WDJ4740,52,0,21,9,2.8,57,A
367534010,2024-01-01T00:00:00,30.34199,-88.50761,0.0,287.0,271.0,SOPHIA GOLDING,,WDG4196,31,0,212,17,3.0,57,A
366971330,2024-01-01T00:00:05,43.95251,-86.79837,10.2,197.5,195.0,EDGAR B SPEER,IMO7625952,WDH7562,79,0,306,32,7.3,79,A
303599000,2024-01-01T00:00:04,47.65870,-122.38078,0.0,255.6,182.0,MYSTERY BAY,IMO7366831,WBD2473,30,0,30,12,2.2,37,A
369629000,2024-01-01T00:00:03,21.30506,-157.86469,0.0,360.0,511.0,MAJESTIC,IMO8986016,WDI7186,60,0,50,10,0.0,0,A
636092784,2024-01-01T00:00:00,36.86342,-75.87668,9.4,132.1,126.0,TUCAPEL,IMO9569970,A8VQ3,71,0,300,46,12.7,71,A
367596190,2024-01-01T00:00:06,28.75966,-95.67611,8.1,235.9,511.0,MISS SYDNEY,,WDH2300,31,0,21,8,2.5,31,A
367335830,2024-01-01T00:00:03,39.71715,-75.51750,0.0,62.7,291.0,MADELINE,,WDE3220,52,0,23,9,4.6,52,A
367121040,2024-01-01T00:00:03,41.54617,-82.72934,0.0,5.5,184.0,AMERICAN COURAGE,IMO7634226,WDD2879,70,0,194,21,0.0,70,A
367441870,2024-01-01T00:00:02,38.43081,-82.60238,0.0,224.2,164.0,GALVESTON BAY,IMO101225576,WDH3050,52,12,34,10,3.0,57,A
367402820,2024-01-01T00:00:04,29.69102,-91.09857,0.0,199.7,511.0,LESLIE,IMO1218576,WDE8208,31,0,12,16,3.3,31,A
367145380,2024-01-01T00:00:03,30.08079,-93.33392,0.0,360.0,38.0,MATTHEW JAMES,IMO1191229,WDD4491,31,0,213,16,3.0,57,A
367004080,2024-01-01T00:00:02,29.68042,-91.47041,0.9,334.7,297.0,WALTER,IMO5385613,WDF2436,52,12,22,10,3.3,52,A
367053940,2024-01-01T00:00:01,29.78872,-95.06550,0.0,233.9,301.0,CAPT BILLY J VERDIN,IMO9360056,WDC6278,52,0,24,10,3.2,57,A
368286050,2024-01-01T00:00:01,40.73608,-74.02712,0.0,360.0,511.0,NJSP 2802,,WDN4990,55,0,10,5,0.0,55,A
367469690,2024-01-01T00:00:07,29.78008,-92.18520,0.0,292.4,511.0,DOUG II,,WDM8765,60,10,19,5,0.0,60,A
367576110,2024-01-01T00:00:06,33.35082,-118.31478,0.1,342.4,511.0,SENTINEL,IMO8963741,WDG8305,60,0,27,7,2.3,60,A
367785950,2024-01-01T00:00:00,30.32582,-87.30803,0.6,99.2,186.0,ROBERT M WHITE,IMO1276349,WDJ5263,33,3,65,14,0.0,33,A
367437420,2024-01-01T00:00:05,31.12669,-91.62709,8.6,183.2,180.0,CAPTAIN EARL DEVALL,,WDF3224,31,12,21,8,2.7,57,A
368009780,2024-01-01T00:00:05,40.53930,-74.25420,0.0,307.2,163.0,SEELEY,IMO8987113,WDJ7752,52,0,24,9,3.3,52,A
367757690,2024-01-01T00:00:04,38.40361,-82.55635,0.0,360.0,511.0,ELGERCLIFF,,WBF5242,52,0,16,8,5.5,52,A
367371850,2024-01-01T00:00:02,40.67083,-74.04283,3.1,46.0,36.0,GEORGE HOLLAND,IMO9544243,WDE5807,31,5,32,10,4.2,31,A
368013040,2024-01-01T00:00:01,48.17728,-122.80258,9.6,110.0,109.0,TODD E PROPHET,IMO9840740,WDJ8094,31,0,162,24,6.2,31,A
367127110,2024-01-01T00:00:08,29.80278,-95.06532,3.8,111.7,511.0,CHERYL K,IMO100686919,WDD3191,31,0,15,6,2.5,31,A
369970832,2024-01-01T00:00:08,38.65769,-76.52829,0.0,345.1,511.0,NRL TEST 03,,,35,0,30,10,3.0,35,A
367685130,2024-01-01T00:00:06,29.76622,-95.09184,0.0,348.1,321.0,AMERICAN CENTURY,,WDI3115,52,12,24,12,2.9,57,A
316011603,2024-01-01T00:00:06,49.22213,-122.83936,0.0,360.0,511.0,QUADRANT PARTNER,IMO7406643,CFH8165,31,0,20,7,1.5,57,A
367514520,2024-01-01T00:00:07,27.86375,-97.16525,0.0,309.9,511.0,VICKI LYNN,,WDG2326,31,0,18,7,2.2,31,A
338255000,2024-01-01T00:00:04,27.95322,-82.44185,0.0,4.6,511.0,CROSBY SKIPPER,IMO9231353,WDK7787,52,0,47,15,6.1,52,A
316039402,2024-01-01T00:00:03,48.65205,-123.39496,0.0,178.3,182.0,PACIFIC CHALLENGER,,,40,9,10,4,0.0,40,A
338343000,2024-01-01T00:00:10,41.18652,-72.33319,6.9,243.7,244.0,GENESIS VISION,IMO8973916,WDG9349,31,11,136,20,4.9,57,A
636012629,2024-01-01T00:00:00,27.81085,-97.24973,11.4,269.0,269.0,ICE VICTORY,IMO9301744,A8GR2,80,0,229,32,7.5,80,A
368083560,2024-01-01T00:00:06,29.74011,-95.11400,6.1,252.1,247.0,TOM GREEN,,WDK7348,52,0,23,10,2.3,57,A
366999332,2024-01-01T00:00:07,29.57342,-89.80193,0.0,193.9,511.0,KENT,,AEKK,31,15,25,10,2.7,31,A
636020941,2024-01-01T00:00:04,18.87331,-64.04359,8.0,91.9,88.0,MIRADOR EXPRESS,IMO9243174,5LBM5,79,0,243,32,8.0,79,A
338617000,2024-01-01T00:00:03,27.59489,-82.95020,10.7,82.8,83.0,PENNSYLVANIA,IMO9486958,WAPZ,80,0,182,32,10.3,80,A
368278450,2024-01-01T00:00:00,40.98515,-70.62882,5.5,50.1,55.0,EARL W REDD,IMO9824899,WDN4160,31,0,37,10,5.6,31,A
369970480,2024-01-01T00:00:05,38.98405,-76.46750,0.0,289.4,339.0,YP-706,,NFED,99,0,36,8,3.0,99,A
368016260,2024-01-01T00:00:00,29.67458,-91.22903,0.0,360.0,511.0,CAPT. BUFORD BERRY,,WDJ8426,33,3,26,14,0.0,33,A
367110550,2024-01-01T00:00:00,42.24677,-70.96676,0.0,143.0,511.0,JAMES K GOODWIN,,WDJ7743,60,0,32,9,3.0,60,A
367306860,2024-01-01T00:00:03,30.39124,-81.62488,14.7,19.5,511.0,SEWELLS POINT,IMO7517856,WYJ6341,52,0,28,8,5.0,52,A
367765950,2024-01-01T00:00:02,38.08304,-90.20369,0.0,156.3,307.0,MABEL C ETHERIDGE,,WDJ3221,31,0,109,16,2.8,57,A
367311480,2024-01-01T00:00:02,30.08396,-90.91185,0.0,360.0,511.0,CRISTO SANTO,,WDD9440,52,0,20,8,3.4,52,A
368144320,2024-01-01T00:00:01,29.75482,-91.60046,4.4,326.1,318.0,MIKE MITCHELL,,WDL5774,31,12,24,9,3.1,31,A
366967710,2024-01-01T00:00:01,30.04918,-90.53700,0.0,106.0,5.0,TEXAS STAR,IMO0000311,WDK9920,52,0,20,9,2.9,52,A
368261890,2024-01-01T00:00:07,34.21487,-77.81431,0.0,357.4,511.0,TIME-LAPSE,IMO0000000,WDN2415,37,,11,4,,,B
367668570,2024-01-01T00:00:08,48.75516,-122.50379,0.0,360.0,511.0,VIKING LEADER,IMO0000000,WDH9486,30,,20,4,,,B
367653530,2024-01-01T00:00:08,29.51971,-94.88384,0.0,244.2,511.0,LILY C,,WDK2925,31,0,16,11,2.2,31,A
367700790,2024-01-01T00:00:06,47.60972,-122.20990,0.0,360.0,511.0,THE LIBRARY,IMO0000000,WDI4663,37,,15,4,,,B
338482000,2024-01-01T00:00:06,29.13700,-90.20220,0.0,355.9,342.0,HARVEY HERMES,IMO9787314,KHGP,90,0,85,18,5.5,90,A
368131890,2024-01-01T00:00:05,29.37246,-94.89284,0.0,20.0,88.0,AYDEN PHILIP,IMO1001281793,WDL4486,57,0,115,34,3.1,57,A
345090011,2024-01-01T00:00:04,39.22292,-74.14336,0.3,261.4,255.0,HOS BROWNING,IMO9587398,XCBK8,99,3,89,18,5.4,99,A
366972620,2024-01-01T00:00:03,21.31014,-157.86920,0.1,352.2,511.0,MIKIOI,IMO8987723,WDH9684,52,0,22,10,4.3,52,A
366983140,2024-01-01T00:00:03,29.93661,-90.33439,0.1,197.8,511.0,TEXAS,,WCZ9220,52,0,32,10,0.0,52,A
368218980,2024-01-01T00:00:01,44.82655,-87.37765,0.0,320.0,39.0,DAVID R. SCHANOCK,IMO7939638,WDM5761,31,12,23,8,3.0,31,A
367686010,2024-01-01T00:00:00,29.46019,-94.84749,5.7,337.2,335.0,MARY EMMA,IMO7400479,WDI3216,31,0,33,10,0.0,31,A
366953860,2024-01-01T00:00:06,31.40172,-91.48050,4.5,308.9,318.0,KENT W. FREEMAN,IMO0002951,WDK9288,31,12,414,43,2.9,57,A
316034963,2024-01-01T00:00:08,49.22145,-122.88847,0.0,212.1,42.0,SEA IMP XI,,CFFC,52,0,16,6,3.6,52,A
367413340,2024-01-01T00:00:09,29.85613,-90.01790,6.2,32.0,511.0,MISS LINDA C,,WDE9092,52,0,17,4,0.0,52,A
368316490,2024-01-01T00:00:00,29.75081,-95.09531,6.4,36.3,39.0,AURORA,IMO1016367,WDN8325,52,0,26,13,4.5,52,A
366993380,2024-01-01T00:00:00,29.95837,-93.85992,0.0,22.0,511.0,GRACE NICOLE,,WDC2451,31,12,121,34,3.4,57,A
368085860,2024-01-01T00:00:05,29.70680,-93.84916,0.1,353.8,345.0,MICHAEL L.DAIGLE,IMO8973095,WDK7589,31,0,30,10,4.0,31,A
319874000,2024-01-01T00:00:02,18.57827,-67.03145,11.7,273.5,274.0,AMANTI,IMO1007275,ZCIT,37,0,50,10,3.3,37,A
367751050,2024-01-01T00:00:02,30.37168,-91.23849,7.2,46.1,45.0,CHAD PREGRACKE,,WDI9674,31,12,483,44,3.6,57,A
367012660,2024-01-01T00:00:01,39.84676,-75.26194,0.0,297.4,511.0,SALLY,IMO8973019,WDC3701,52,0,24,10,4.0,52,A
366921830,2024-01-01T00:00:01,29.74256,-95.16020,6.8,117.0,124.0,MATTHEW K,IMO8962474,WCZ9961,52,0,30,12,4.9,52,A
538009781,2024-01-01T00:00:07,29.95980,-90.23132,9.0,316.0,316.0,ANGEL STAR,IMO9292345,V7A5154,89,0,180,32,12.0,89,A
366982170,2024-01-01T00:00:08,32.68668,-117.13334,0.0,360.0,511.0,C-TRACTOR 7,IMO8875425,WCO4110,52,0,25,10,0.0,52,A
367367620,2024-01-01T00:00:03,28.62752,-96.09788,4.6,237.1,511.0,RESURRECTION,IMO1001212046,WDE5499,31,12,176,18,3.0,57,A
367093520,2024-01-01T00:00:07,30.39302,-81.40506,0.0,46.5,511.0,C-TRACTOR 12,IMO9132181,WCW5016,31,0,32,14,0.6,0,A
368097560,2024-01-01T00:00:03,29.97317,-93.84726,0.0,354.6,333.0,DEAF SMITH,IMO1222394,WDK8804,52,12,115,34,2.5,52,A
367649810,2024-01-01T00:00:03,41.70555,-87.55115,0.0,63.5,85.0,JOHN MARSHALL,IMO7223261,WDH7606,31,5,30,9,4.5,31,A
368215660,2024-01-01T00:00:01,31.14761,-91.60982,6.8,66.8,53.0,LAURA BLESSEY TODD,,WDM5411,31,12,303,18,2.6,57,A
368206850,2024-01-01T00:00:07,29.34472,-90.21341,0.0,207.0,511.0,ABBY KATE,,WDM4485,31,8,18,8,0.0,0,A
368185620,2024-01-01T00:00:05,39.25578,-76.53493,0.0,12.2,511.0,FELLS POINT,,WDM2158,50,0,15,5,1.3,50,A
367442150,2024-01-01T00:00:07,29.12743,-88.77933,0.2,19.4,4.0,JON CADE,IMO9553165,WDF3627,60,0,58,10,2.5,0,A
367082130,2024-01-01T00:00:03,39.26899,-76.58088,0.0,306.7,206.0,TIMOTHY MCALLISTER,IMO8997895,WDC8133,31,0,31,10,3.8,31,A
212719000,2024-01-01T00:00:02,34.52975,-120.94588,10.4,327.2,322.0,TROODOS SUN,IMO9698238,5BKB4,70,0,228,35,12.5,70,A
366902120,2024-01-01T00:00:00,40.69881,-74.14898,0.0,219.5,292.0,SARAH ANN,IMO8896971,WDF3387,52,12,24,9,3.0,52,A
367463310,2024-01-01T00:00:01,48.49317,-122.68140,0.0,204.7,511.0,ZORRO,,WDF5447,37,0,23,6,2.2,37,A
367050160,2024-01-01T00:00:03,46.75197,-92.13539,0.0,319.8,137.0,BURNS HARBOR,IMO7514713,WDC6027,70,0,330,34,8.3,70,A
367090590,2024-01-01T00:00:04,30.36063,-89.09193,0.0,253.7,511.0,CATHERINE B,IMO8983428,WCW4128,52,15,30,9,0.0,52,A
368044440,2024-01-01T00:00:02,29.75782,-95.09696,0.0,33.0,113.0,DIMMIT,,WDK3355,52,12,84,12,2.6,57,A
369970440,2024-01-01T00:00:08,38.58913,-90.20601,0.0,72.2,511.0,MV PATHFINDER USACE,IMO8891077,AEBQ,59,0,21,8,8.0,59,A
366996340,2024-01-01T00:00:04,30.07088,-94.04826,0.0,225.7,511.0,PALO DURO,,WDC2680,52,0,18,8,2.9,57,A
367100370,2024-01-01T00:00:01,38.78275,-75.12035,0.1,281.7,511.0,PILOT LEWES,,WDC9301,50,15,15,4,0.0,50,A
367638110,2024-01-01T00:00:02,29.97349,-90.39948,0.0,360.0,511.0,RAYMOND GRANT ECKSTE,,WDH6452,31,12,113,16,2.8,57,A
538007479,2024-01-01T00:00:06,37.68875,-122.69553,6.0,356.0,7.0,HYUNDAI COURAGE,IMO9347542,V7PP4,70,0,340,46,12.5,70,A
367693470,2024-01-01T00:00:05,26.26741,-80.08474,0.0,222.1,3.0,HATTRICK,,WDK7963,30,0,22,0,2.0,30,A
366959090,2024-01-01T00:00:07,29.78205,-95.09972,0.0,219.9,511.0,DANIELLE,IMO7329015,WDB8475,52,0,17,7,2.3,52,A
367314520,2024-01-01T00:00:02,36.79934,-76.29540,0.0,324.1,340.0,TUCKAHOE,IMO9452713,WDD9657,32,0,30,8,3.8,32,A
368786000,2024-01-01T00:00:08,32.66416,-117.12077,0.0,205.2,511.0,US GOVT VESSEL,,NPHB,79,0,173,25,0.0,79,A
477133500,2024-01-01T00:00:02,38.07199,-124.04890,13.1,328.2,327.0,BELLE PLAINE,IMO9638434,VRNA5,70,0,180,30,6.6,70,A
366963390,2024-01-01T00:00:09,38.21516,-90.35436,4.4,337.4,333.0,RICHARD E WAUGH,,WDL2053,31,12,418,43,2.8,57,A
367309210,2024-01-01T00:00:00,29.94637,-90.00788,7.8,138.2,150.0,CREOLE QUEEN,IMO0001103,WDK5102,60,0,51,12,3.0,60,A
367764630,2024-01-01T00:00:07,29.75086,-95.10008,0.0,135.1,236.0,COLE GUIDRY,IMO101274226,WDJ3088,57,0,24,11,3.0,57,A
367595560,2024-01-01T00:00:02,30.10357,-90.96026,0.0,338.0,261.0,CAPT TOMMY PARRISH,IMO101250407,WDH2235,31,0,40,12,2.7,31,A
368148790,2024-01-01T00:00:02,29.73653,-95.12289,7.3,62.3,60.0,JACKSON FOSTER,IMO1272291,WDL6239,31,5,80,12,2.7,57,A
367336190,2024-01-01T00:00:01,40.64132,-74.13000,0.0,301.5,204.0,LAURA K MORAN,IMO9415765,WDE3239,32,0,28,9,4.2,32,A
368092860,2024-01-01T00:00:06,27.87948,-97.04396,0.0,96.6,177.0,THIBODAUX,,WDK8305,52,0,113,32,3.0,57,A
367027570,2024-01-01T00:00:05,33.43673,-118.26847,7.0,189.0,191.0,DEBRA C,IMO7129817,WDM8821,31,0,40,10,5.0,31,A
319195600,2024-01-01T00:00:02,18.33506,-64.92108,0.0,186.7,302.0,CLUB M,IMO9906116,ZGKJ6,37,0,40,8,2.2,37,A
366938710,2024-01-01T00:00:01,41.86471,-81.91278,11.7,82.9,81.0,AMERICAN MARINER,IMO7812567,WQZ7791,70,0,222,23,6.7,70,A
367350190,2024-01-01T00:00:02,29.84496,-91.89283,4.3,89.9,90.0,JOSEPH F MORRISON,,WDE4209,31,12,209,18,3.0,57,A
477131700,2024-01-01T00:00:00,37.22424,-76.14015,9.3,197.5,198.0,SHANDONG FU HUI,IMO9734733,VRRE4,70,0,229,32,14.4,70,A
366867370,2024-01-01T00:00:06,36.92225,-76.18778,0.0,360.0,511.0,COOPER RIVER,,WDA9638,60,0,15,5,1.8,60,A
367588960,2024-01-01T00:00:07,29.96793,-93.85959,0.0,165.1,511.0,HOUSTON FORET,IMO100633661,WDG9555,52,12,18,8,2.5,57,A
367503920,2024-01-01T00:00:07,29.77152,-95.10205,0.0,214.3,511.0,BROOKE BANTA,,WDF9317,52,15,21,9,0.0,52,A
366996310,2024-01-01T00:00:07,32.94262,-79.92596,5.2,355.4,511.0,ISLAND BOY,,WDK5844,31,0,18,7,2.6,57,A
367728750,2024-01-01T00:00:05,29.37581,-94.86897,0.0,21.0,286.0,LAVACA,,WNH3889,31,0,119,34,2.9,57,A
316052438,2024-01-01T00:00:00,49.28735,-123.40837,36.9,76.5,77.0,STHUQI,IMO9854882,CFA4121,60,0,42,12,1.5,60,A
367338430,2024-01-01T00:00:03,29.93585,-90.22209,0.0,227.9,511.0,TERREL WILLIAMS,,WDE3390,31,12,19,8,2.8,31,A
354269000,2024-01-01T00:00:03,37.31027,-123.10367,11.8,10.0,15.0,GINGA LION,IMO9278727,H3RU,82,0,160,27,6.7,82,A
367030060,2024-01-01T00:00:00,30.31300,-89.24231,0.0,263.6,511.0,BACKDRAFT,,WDC4756,60,0,37,6,2.0,60,A
368073280,2024-01-01T00:00:07,29.78102,-95.10024,0.0,319.4,183.0,RYDER JAMES DEVALL,,WDK6308,31,15,19,8,0.0,0,A
368274380,2024-01-01T00:00:00,30.98824,-91.66036,5.1,31.1,36.0,ERIC LIVINGSTON,IMO1327112,WDN3720,57,12,216,16,3.1,57,A
367691950,2024-01-01T00:00:00,29.72997,-95.02933,3.4,93.8,511.0,ROY MICHAEL,IMO101263752,WDI3791,31,12,114,34,3.1,57,A
366874110,2024-01-01T00:00:05,29.31229,-94.80523,0.0,298.9,511.0,PETITE,IMO8769810,WDB2268,99,0,22,17,2.6,99,A
368230010,2024-01-01T00:00:08,30.51221,-91.19540,0.0,321.4,511.0,CAPTAIN WALTER,IMO1321262,WDM7001,52,12,18,8,0.0,52,A
316001698,2024-01-01T00:00:06,46.90557,-85.26790,11.5,114.6,116.0,ALGOMA TRANSPORT,IMO7711737,VCLX,79,0,223,23,8.0,79,A
367479930,2024-01-01T00:00:05,29.75076,-95.16430,0.0,160.2,151.0,MR BENNETT,,WDF6985,52,0,20,9,2.6,52,A
367583670,2024-01-01T00:00:07,29.67547,-89.95925,3.2,2.4,511.0,RACHEL ALEXANDRA,,WDG9038,52,5,18,7,2.6,52,A
353327000,2024-01-01T00:00:01,18.33279,-64.95309,0.0,8.5,199.0,GRAPETREE BAY,IMO8133968,HO8940,52,5,30,10,3.5,52,A
367743760,2024-01-01T00:00:07,30.06494,-90.89104,0.0,173.0,312.0,SANDY B,,WDJ2318,30,0,67,18,2.5,57,A
367608470,2024-01-01T00:00:01,29.95658,-90.39118,0.0,31.1,337.0,SAN SALVADOR,IMO5245370,WDH3551,31,12,116,34,3.0,57,A
367699340,2024-01-01T00:00:03,40.64642,-80.49989,0.0,132.7,511.0,ARTHUR E SNIDER,,WDI4504,32,12,48,12,2.6,32,A
367702040,2024-01-01T00:00:07,30.00973,-90.82935,0.0,83.0,354.0,CAPT BUCK LAY,,WDI4792,31,0,51,13,3.1,31,A
367016010,2024-01-01T00:00:05,27.84416,-97.06524,0.0,360.0,511.0,HENRY T,IMO100561688,WDC3903,31,15,15,7,2.0,31,A
316011905,2024-01-01T00:00:04,43.77286,-78.55798,11.9,68.4,68.0,ROBERT S PIERSON,IMO7366403,CFN4934,79,0,192,21,6.2,79,A
367558650,2024-01-01T00:00:04,37.82916,-76.27911,0.0,276.3,511.0,RAPPAHANNOCK,IMO8115710,WDG6592,30,0,54,12,4.2,30,A
367774150,2024-01-01T00:00:07,38.58857,-90.19826,0.0,328.3,52.0,SCF MARINER,,WDJ4074,31,12,111,33,3.2,57,A
357659000,2024-01-01T00:00:06,29.73232,-89.99588,11.1,137.8,139.0,CARNIVAL GLORY,IMO9198367,3FPS9,60,0,290,44,8.3,60,A
368272090,2024-01-01T00:00:03,29.74113,-95.15897,1.2,256.5,286.0,JACQUES-IMO,,WDN3483,52,12,86,16,3.0,57,A
367776410,2024-01-01T00:00:02,37.81627,-122.37309,0.0,360.0,511.0,SAMMY J,,WDJ4308,60,0,16,6,0.7,60,A
366951730,2024-01-01T00:00:00,37.79254,-122.28166,0.0,310.0,272.0,JEFFREY M,,WSX6846,52,0,26,8,0.0,52,A
368010420,2024-01-01T00:00:00,41.12328,-73.87843,5.4,3.8,2.0,KRISTIN POLING,IMO9378759,WDJ7820,31,0,134,24,5.2,57,A
367028880,2024-01-01T00:00:03,29.79348,-95.06677,0.0,207.7,511.0,DINO JOHN,,WCX6387,52,0,25,8,3.1,52,A
367362960,2024-01-01T00:00:02,29.71312,-93.85934,0.0,263.9,326.0,ST PADRE PIO,IMO8731318,WDE5168,31,12,207,22,2.8,57,A
367664870,2024-01-01T00:00:02,35.08258,-90.14209,0.0,299.2,511.0,JOY WEPFER,,WDH9126,31,0,20,8,0.0,31,A
636017780,2024-01-01T00:00:01,29.45862,-89.64023,11.1,280.0,280.0,OCEAN KNIGHT,IMO9453248,A8XD4,70,0,190,32,6.5,70,A
367766220,2024-01-01T00:00:01,39.17280,-76.41905,0.1,113.7,511.0,DALE PYATT,IMO131462900,WDJ3256,70,3,50,20,2.3,33,A
316002974,2024-01-01T00:00:07,49.12304,-123.18143,0.0,308.7,511.0,VIKING LEADER,,CY9299,30,0,18,8,3.0,30,A
368184980,2024-01-01T00:00:07,29.75855,-95.09988,0.0,294.3,19.0,HOUSTON HONOR,IMO1311726,WDM2086,57,5,81,12,3.1,52,A
367001890,2024-01-01T00:00:02,28.41407,-80.61137,0.0,262.0,511.0,MISS JUANITA,,WDC3039,52,0,9,17,2.2,52,A
367703790,2024-01-01T00:00:02,29.76462,-95.08832,2.8,146.2,323.0,AMERICAN PROGRESS,,WDI4961,31,12,116,18,2.8,57,A
368280920,2024-01-01T00:00:05,29.31370,-94.78601,0.0,272.1,176.0,BRIANNA MARIE,IMO1325578,WDN4428,52,0,20,9,2.8,52,A
368174490,2024-01-01T00:00:08,30.02261,-90.47619,0.0,311.1,511.0,ROCK SOLID,,WDL8951,31,13,9,8,0.0,31,A
367419590,2024-01-01T00:00:09,21.28694,-157.84308,0.1,153.4,61.0,STARR,,WDE9642,37,5,24,6,2.0,37,A
367791550,2024-01-01T00:00:09,40.70425,-73.97664,0.0,215.8,111.0,FLYER,,WDJ5814,60,0,26,8,2.0,60,A
367119340,2024-01-01T00:00:10,41.07377,-71.93760,0.0,99.4,511.0,HEATHER LYNN,IMO8409989,WXX7462,30,15,26,7,0.0,0,A
366823870,2024-01-01T00:00:06,29.81676,-90.00591,0.0,2.7,511.0,MISS CLO,,WDA5789,30,0,12,4,0.0,30,A
368113370,2024-01-01T00:00:05,35.08672,-90.08944,0.0,63.8,212.0,OUIZEE,,WDL2577,31,12,26,10,3.4,31,A
367562810,2024-01-01T00:00:04,29.75836,-95.09330,0.6,168.7,287.0,GARY REED,,WDG6997,31,0,119,34,3.0,52,A
367004570,2024-01-01T00:00:00,29.91555,-89.92112,0.9,43.3,511.0,WAR ADMIRAL,,WDH7806,31,0,17,7,2.5,31,A
367798430,2024-01-01T00:00:01,40.73434,-73.96681,21.9,171.0,172.0,STARLIGHT,,WDJ6505,60,0,26,8,2.0,60,A
368067520,2024-01-01T00:00:09,28.69659,-89.39599,0.0,286.3,351.0,SP 89E,,WRCQ766,3,15,46,41,0.0,3,A
538071937,2024-01-01T00:00:06,25.77308,-80.14298,0.0,315.4,327.0,DEFIANT,IMO1011290,V7A6240,0,5,42,9,2.0,0,A
248621000,2024-01-01T00:00:04,17.18436,-67.02747,9.8,83.6,84.0,MISSISSIPPI  STAR,IMO9527623,9HA2441,89,0,129,24,7.1,89,A
316050825,2024-01-01T00:00:01,44.17350,-76.50243,0.0,360.0,511.0,SIMCOE ISLANDER II,,FISI2,99,15,0,0,0.0,99,A
367517630,2024-01-01T00:00:36,29.77516,-95.07836,0.0,141.3,282.0,CANVASBACK,,WDG2633,30,5,122,18,2.9,57,A
368024740,2024-01-01T00:00:08,33.74724,-118.21567,0.0,44.0,100.0,PILOT BOAT ORION,,WDJ9306,50,0,19,6,0.0,50,A
367595180,2024-01-01T00:00:06,30.19463,-93.29137,7.6,53.1,55.0,BOBBY GOLDING,,WDH2183,52,5,26,10,3.0,57,A
367093970,2024-01-01T00:00:09,38.50849,-76.22251,0.0,307.0,511.0,CAPT STEVE,,WYB7050,52,15,17,7,2.2,52,A
636016407,2024-01-01T00:00:04,48.16249,-125.48239,12.6,229.0,224.0,SEAWAYS HERCULES,IMO9328285,D5GA5,80,0,184,32,10.8,80,A
366816020,2024-01-01T00:00:05,27.83385,-97.50098,6.1,126.6,511.0,SCOTT R WILSON,IMO8635667,WDA5062,31,12,115,34,2.9,52,A
367431620,2024-01-01T00:00:03,41.10692,-73.05079,9.5,51.6,50.0,MOUNT ST ELIAS,IMO8749884,WDI8452,31,12,125,24,4.3,57,A
367313530,2024-01-01T00:00:00,29.71972,-91.70124,0.0,291.8,511.0,PADDY ANN,IMO120176400,WDN2659,31,15,15,6,0.0,90,A
367515090,2024-01-01T00:00:07,39.21164,-76.58141,0.0,329.7,511.0,GEORGETOWN,,WDG2383,31,0,21,7,2.2,31,A
367706270,2024-01-01T00:00:09,31.35925,-81.10839,9.1,192.9,511.0,KATAN,IMO8852710,WDM7615,52,0,29,9,4.0,52,A
367008750,2024-01-01T00:00:00,30.09842,-93.32667,6.9,170.1,171.0,M L CROCHET,IMO101044982,WCW9456,52,0,20,8,2.7,57,A
366996490,2024-01-01T00:00:05,30.19658,-91.12155,0.0,221.8,234.0,GABRIELLE ELIZABETH,,WDC2694,52,0,22,8,3.0,52,A
246452000,2024-01-01T00:00:04,24.77977,-80.47618,16.5,228.1,228.0,SPAARNEGRACHT,IMO9202558,PDBO,70,0,168,25,8.2,70,A
367507790,2024-01-01T00:00:01,29.14223,-90.20454,0.0,75.1,248.0,HARVEY SUPPORTER,IMO9581227,WDF9689,70,0,89,20,4.0,70,A
367576750,2024-01-01T00:00:07,29.74996,-95.10494,0.0,59.8,319.0,RED RIVER,,WDG8366,31,12,115,34,3.1,57,A
367646390,2024-01-01T00:00:06,29.84899,-90.02492,0.0,248.3,511.0,ANDREW C,,WDH7256,31,0,19,7,2.5,90,A
368290350,2024-01-01T00:00:00,29.14332,-90.21261,0.0,183.0,159.0,C-ENFORCER,IMO9219484,WDN5471,39,0,73,17,4.5,39,A
367077850,2024-01-01T00:00:05,28.94636,-89.40184,0.0,280.1,511.0,SMITH HUNTER,IMO0000373,WDC7849,31,0,21,8,3.0,99,A
477765800,2024-01-01T00:00:03,40.56579,-74.03145,14.2,169.5,168.0,COSCO AUCKLAND,IMO9484261,VRKF8,71,0,261,32,10.3,71,A
366990040,2024-01-01T00:00:01,29.35030,-89.50932,0.0,60.5,302.0,KACIE LUHR,,WDC2252,31,0,26,12,2.8,31,A
316042365,2024-01-01T00:00:07,49.31071,-123.08450,0.0,34.6,33.0,BURRARD CHINOOK,IMO9834959,CFA3218,69,0,34,12,0.0,69,A
368158760,2024-01-01T00:00:00,30.72762,-91.35479,10.1,157.3,511.0,REDDING C,,WDL7279,99,0,20,8,3.1,99,A
367492920,2024-01-01T00:00:04,33.73504,-118.27105,0.0,9.2,511.0,WYATT M,IMO8978710,WDF8246,90,15,31,8,0.0,0,A
366969980,2024-01-01T00:00:04,37.80301,-122.38852,8.5,165.0,163.0,MARIN,,WZC8518,40,15,47,10,0.0,40,A
366992110,2024-01-01T00:00:03,33.78496,-78.55724,4.0,205.9,210.0,BIG M CASINO,,WDC2379,60,0,52,12,0.0,60,A
367728730,2024-01-01T00:00:05,30.18426,-93.30984,0.0,355.4,231.0,CONCHO,,WDI7438,31,12,89,12,2.9,52,A
368142610,2024-01-01T00:00:03,29.99565,-93.91259,0.0,300.2,511.0,SIMON MATTHEW,IMO0000051,WDL5605,31,12,92,16,2.2,57,A
367766740,2024-01-01T00:00:06,30.03060,-90.69247,0.0,312.6,511.0,SHAWN WILLIAMS,IMO1268557,WDJ3307,31,0,20,9,3.0,31,A
367702360,2024-01-01T00:00:08,31.15518,-91.60043,5.3,38.8,27.0,RON W CALLEGAN,,WDI4821,31,12,487,55,3.4,57,A
367566160,2024-01-01T00:00:07,29.82479,-92.65145,0.1,339.2,511.0,SEATIGER,,WDG7325,52,0,17,7,4.0,52,A
316023959,2024-01-01T00:00:09,42.09879,-83.11334,0.0,78.2,511.0,PRIDE,,CFN6705,52,0,20,10,2.4,52,A
316001252,2024-01-01T00:00:05,48.68902,-123.40947,0.0,72.5,244.0,QUEEN OF CUMBERLAND,IMO9009360,VG2029,60,0,96,21,3.7,60,A
367606280,2024-01-01T00:00:02,29.79184,-92.14267,0.0,285.3,511.0,THERESE DANOS,IMO9097135,WDH3296,70,0,40,22,0.0,70,A
367653480,2024-01-01T00:00:04,29.52962,-89.71192,0.0,71.6,511.0,JUNIOR G,,WDH7979,52,0,16,6,2.0,52,A
367472930,2024-01-01T00:00:06,36.93817,-76.33831,7.1,8.7,511.0,ISLAND LOOKOUT,,WDN4427,31,0,22,5,2.9,31,A
368278830,2024-01-01T00:00:01,45.44600,-124.68435,6.5,183.6,179.0,MONTLAKE,IMO9032783,WDN4196,52,0,148,22,5.3,52,A
367444740,2024-01-01T00:00:07,27.86493,-97.16443,0.0,52.5,511.0,RISEN SAVIOUR,IMO101191228,WDF3849,31,12,101,22,3.2,57,A
368504000,2024-01-01T00:00:00,28.88277,-83.19863,5.6,94.9,92.0,CAPTAIN DANN,IMO7367251,WBH6425,31,0,120,18,6.3,57,A
368023770,2024-01-01T00:00:07,38.57479,-76.07112,0.0,230.8,59.0,AMERICN CONSTITUTION,IMO9901518,WDJ9210,60,5,85,17,3.0,60,A
367458640,2024-01-01T00:00:05,29.98058,-81.64704,0.0,34.5,511.0,RIO BRAVO,IMO8333207,WDL7896,32,0,31,10,5.5,32,A
367760730,2024-01-01T00:00:03,33.93361,-77.98520,17.1,225.2,511.0,SEA SUB,,WDJ2686,69,0,22,5,1.8,69,A
368119120,2024-01-01T00:00:03,29.89312,-89.90638,6.2,166.1,160.0,SCF MARINE HIGHWAY,,WDL3185,57,12,212,33,3.1,57,A
367744140,2024-01-01T00:00:05,29.96085,-90.23571,0.9,108.3,511.0,ROBIN R,,WDI8986,52,0,18,7,2.6,52,A
367161570,2024-01-01T00:00:02,33.35008,-118.31413,5.9,150.6,511.0,ISLAND EXPLORER 3,,WDL7058,60,0,23,7,3.0,6,A
367652650,2024-01-01T00:00:04,33.39768,-118.31364,17.3,16.4,511.0,TWO HARBORS,,WDH7890,60,0,24,6,0.0,60,A
338025000,2024-01-01T00:00:01,28.93254,-95.32457,0.0,21.1,85.0,G L 54,,WDH5375,33,3,69,18,2.0,33,A
367424420,2024-01-01T00:00:00,29.74837,-95.11022,0.0,39.2,511.0,HADEN II,IMO9215335,WDF2064,52,0,30,12,5.0,52,A
367534880,2024-01-01T00:00:03,29.94535,-90.37443,0.1,321.7,511.0,LOUISIANA HERITAGE,,WDG4280,52,0,20,10,2.9,52,A
368284000,2024-01-01T00:00:02,28.69334,-89.37532,0.6,105.1,290.0,LANEY CHOUEST,IMO9271690,WDN5472,30,3,105,22,7.0,20,A
366999450,2024-01-01T00:00:02,30.40072,-88.25749,0.0,23.0,511.0,LAWSON,,AECY,31,12,32,12,2.5,31,A
368182130,2024-01-01T00:00:01,29.75758,-95.09365,0.0,296.2,298.0,GRAND CHENIER,,WDL9772,52,12,205,10,2.7,57,A
367779120,2024-01-01T00:00:07,38.76255,-90.13765,3.9,211.7,209.0,ANGELA K,,WDK7046,31,12,357,55,3.0,57,A
368217380,2024-01-01T00:00:07,29.96878,-93.85990,0.0,283.3,511.0,MFS SHIFTER,,WDM5593,31,15,17,8,0.0,31,A
367407750,2024-01-01T00:00:08,27.86421,-97.04798,0.0,357.5,20.0,GENIE,,WDF8288,31,12,124,34,3.1,57,A
368169220,2024-01-01T00:00:08,29.87979,-90.07323,0.0,221.9,511.0,MORGAN RAY,,WDL8405,52,12,22,8,2.5,52,A
368244040,2024-01-01T00:00:04,40.67020,-74.08326,0.0,106.7,198.0,EVERLY MIST,,WDM8520,52,12,35,11,0.0,52,A
352002706,2024-01-01T00:00:01,36.40532,-122.68610,12.5,150.6,152.0,CL KIZUNA,IMO9789049,3E5019,70,0,180,30,7.0,70,A
367702520,2024-01-01T00:00:08,29.06246,-95.67184,0.0,295.9,345.0,SAFETY RUNNER,,WDI4835,31,0,21,9,3.0,31,A
316005772,2024-01-01T00:00:13,49.12394,-123.18802,0.0,207.9,511.0,DENMAN ISLE,,VY5356,30,15,21,6,3.1,30,A
367164240,2024-01-01T00:00:06,29.96663,-93.85849,0.0,219.4,511.0,ELEANOR F MORAN,IMO9415753,WDD5824,52,0,28,10,4.2,52,A
538005608,2024-01-01T00:00:00,29.23282,-94.50109,7.8,308.9,308.0,STI PONTIAC,IMO9704465,V7FK4,80,0,182,32,10.9,80,A
368148180,2024-01-01T00:00:03,29.78455,-95.09614,0.1,285.9,343.0,KAMI RENEE,,WDL6178,52,12,22,10,3.3,57,A
367530760,2024-01-01T00:00:03,34.72130,-90.56839,4.8,4.8,2.0,JACKY L O'NEAL,,WDG3892,31,0,483,54,3.0,57,A
366963860,2024-01-01T00:00:03,29.79372,-90.01451,1.5,205.4,511.0,OKALOOSA,IMO8992596,WDB8768,52,0,20,8,3.3,52,A
367033750,2024-01-01T00:00:02,29.81747,-93.98077,0.0,263.8,511.0,BAD DOG,,WDC4975,31,0,13,4,0.0,31,A
367106750,2024-01-01T00:00:03,29.77166,-95.10204,0.0,312.4,276.0,BOYD GOLDING,,WDC9793,52,12,25,12,3.0,57,A
316021279,2024-01-01T00:00:03,48.43240,-123.42730,0.0,0.0,140.0,CFAV GLENDALE,,CGQD,31,15,30,10,0.0,31,A
367702550,2024-01-01T00:00:03,29.94348,-90.13977,9.6,175.8,178.0,SAFETY TEAM,,WDI4838,52,12,21,8,0.0,52,A
367688770,2024-01-01T00:00:03,27.82256,-97.43016,0.0,8.2,511.0,CAPT ROBERT J BANTA,,WDI3481,31,0,26,9,2.6,57,A
366884240,2024-01-01T00:00:04,27.93342,-82.43381,0.0,18.8,511.0,ENDEAVOR,IMO9237905,WDB3177,52,15,28,16,5.1,52,A
316027734,2024-01-01T00:00:04,49.19286,-122.92076,0.0,0.0,511.0,VFPA5,,CFK5370,53,0,13,3,1.8,53,A
368273170,2024-01-01T00:00:03,30.07190,-90.90601,0.0,321.5,138.0,MELANIE HART,,WDN3599,31,12,46,16,2.8,22,A
367736640,2024-01-01T00:00:02,30.07737,-94.07061,0.0,187.4,262.0,PORT EADS,,WDI8245,31,0,113,18,2.9,57,A
316001637,2024-01-01T00:00:01,42.69137,-80.09048,10.9,332.1,331.0,CSL LAURENTIEN,IMO7423108,VCJW,79,0,225,24,8.1,79,A
367477690,2024-01-01T00:00:03,34.72004,-76.69474,0.0,187.0,511.0,FORT MACON,IMO5238779,WDF6773,52,0,28,7,3.0,52,A
367602890,2024-01-01T00:00:06,28.53670,-88.88581,10.2,284.9,281.0,GRAND ISLE,IMO9703746,WDH2957,70,0,95,20,5.0,70,A
366877090,2024-01-01T00:00:04,30.35239,-88.51011,0.0,262.9,511.0,SIMPLE MAN,IMO8036512,WDB2544,30,0,22,7,0.0,33,A
368077920,2024-01-01T00:00:03,37.33592,-77.26134,0.1,128.0,286.0,RANGER,IMO159000000,WDK6772,52,0,22,10,2.2,52,A
368014250,2024-01-01T00:00:02,30.03536,-90.69593,0.0,299.9,511.0,MARY MORAN,IMO7716971,WDJ8216,52,0,26,6,4.9,52,A
367427270,2024-01-01T00:00:01,29.80745,-92.06598,5.2,67.0,69.0,MISS KELLY,,WDF2315,31,12,27,11,3.1,31,A
368071290,2024-01-01T00:00:00,40.70945,-73.98486,0.1,360.0,511.0,EMERALD PRINCESS,,WDK6110,60,0,28,8,0.0,60,A
367080090,2024-01-01T00:00:06,27.81024,-97.33966,7.1,86.6,511.0,SEA HOG,,WDC7997,52,5,18,8,3.0,52,A
369131000,2024-01-01T00:00:06,40.64278,-74.11727,0.0,360.0,154.0,FORT MCHENRY,IMO9804681,WDI9336,31,0,28,10,0.0,31,A
316004787,2024-01-01T00:00:08,49.08565,-123.11034,0.0,360.0,511.0,PACIFIC DISCOVERY,IMO9456202,,30,0,19,7,0.0,30,A
367683810,2024-01-01T00:00:06,29.29098,-91.45519,17.0,220.0,511.0,ANITA D,,WDI2987,60,15,20,5,1.5,60,A
367720970,2024-01-01T00:00:04,29.40855,-94.73943,0.0,6.8,227.0,LAWRENCE CAMPBELL,,WDI6665,31,12,27,9,3.1,31,A
366863870,2024-01-01T00:00:05,41.08714,-72.35863,0.0,153.8,511.0,MASHOMACK,,WDA9320,69,0,40,14,2.0,69,A
367153070,2024-01-01T00:00:03,40.26499,-124.96061,9.6,159.6,161.0,MIKIONA,IMO9415583,WDD5057,31,0,37,12,4.9,31,A
366963050,2024-01-01T00:00:03,38.72089,-90.16728,0.0,224.2,30.0,DALE A HELLER,IMO100624201,WDL2017,31,12,348,34,2.9,57,A
563549000,2024-01-01T00:00:03,39.82836,-75.37215,12.7,230.2,228.0,MAJESTIC,IMO9694438,9V3401,70,0,189,30,9.2,70,A
360000000,2024-01-01T00:00:02,38.53997,-90.25006,0.0,94.2,511.0,INGRAM DUPO,,0000000,90,15,52,14,2.0,99,A
367081140,2024-01-01T00:00:01,29.91277,-89.91862,0.0,332.6,511.0,GALLANT FOX,,WDI6731,31,15,67,26,2.9,0,A
319210900,2024-01-01T00:00:00,25.31066,-80.27820,0.0,227.3,264.0,JETSTREAM,IMO966378000,ZGDL4,30,5,40,8,2.2,0,A
367084930,2024-01-01T00:00:06,41.54040,-81.75118,10.1,297.3,296.0,SAMUEL DE CHAMPLAIN,IMO7433799,WDC8307,52,0,45,22,5.5,52,A
366953940,2024-01-01T00:00:06,43.48955,-70.18954,9.2,222.5,511.0,STARLIGHT,IMO7731256,WDB8157,30,0,30,8,0.0,30,A
368481000,2024-01-01T00:00:05,29.74494,-93.86957,0.0,192.2,268.0,SP AMBER,IMO9423138,WDE2808,31,0,32,14,8.0,50,A
368209880,2024-01-01T00:00:02,29.77639,-93.34755,0.0,48.0,245.0,MORGAN,IMO9915739,WDM4799,52,0,30,12,6.0,52,A
338137000,2024-01-01T00:00:06,47.62796,-122.38223,0.0,191.0,182.0,ARICA,IMO7319046,WAH2154,30,0,57,14,4.0,30,A
368062640,2024-01-01T00:00:07,29.23762,-95.21662,0.0,342.3,333.0,POINT COMFORT,,WDK5200,57,12,116,18,2.8,57,A
367728680,2024-01-01T00:00:03,30.52322,-91.26772,7.9,245.3,236.0,MARK SHELL,IMO1224501,WDI7434,31,12,212,34,2.9,57,A
367556730,2024-01-01T00:00:03,30.42722,-89.05478,0.0,346.1,18.0,HARVEY COLT,IMO9678197,WDH2182,79,0,61,14,9.0,79,A
367647050,2024-01-01T00:00:01,30.15890,-90.99663,0.0,52.8,511.0,USS CAIRO,,WDH7325,31,0,21,10,2.6,31,A
303475000,2024-01-01T00:00:02,29.34859,-90.72955,0.0,296.7,511.0,MISS MARIA,,WDL7294,37,0,50,10,2.0,37,A
367733230,2024-01-01T00:00:07,38.40056,-82.55999,0.0,360.0,511.0,EDITH,IMO100637903,WDI7890,52,9,16,7,2.3,52,A
339274000,2024-01-01T00:00:00,26.00202,-80.12224,0.1,324.8,511.0,WOLFPACK,,6YVM9,37,0,30,8,2.2,37,A
367761630,2024-01-01T00:00:03,29.30950,-94.81937,0.2,360.0,511.0,IWO JIMA,,WDJ2778,99,0,8,3,0.0,99,A
367747610,2024-01-01T00:00:02,29.94145,-89.99906,5.2,92.9,511.0,BRANDON G,,WDI9334,60,0,16,6,0.0,50,A
367164250,2024-01-01T00:00:00,42.34212,-71.02945,0.0,78.1,176.0,FREEDOM,IMO9290622,WDD5825,52,0,28,10,4.3,52,A
338295000,2024-01-01T00:00:01,40.94423,-71.88339,8.5,68.0,68.0,CAPE CANAVERAL,IMO9877602,WDK7640,70,12,147,24,5.3,52,A
367547030,2024-01-01T00:00:05,29.77814,-95.07723,0.0,336.7,291.0,CAPT BILL IKNER,,WDG5472,31,12,115,34,2.8,57,A
367368480,2024-01-01T00:00:08,32.08193,-81.06546,0.1,190.8,260.0,FLORIDA,,WDE5561,52,0,30,8,4.1,52,A
368158770,2024-01-01T00:00:08,29.67183,-91.13486,0.0,287.3,52.0,RIVERS C,,WDL7280,97,0,22,9,2.9,97,A
366918650,2024-01-01T00:00:06,32.08197,-81.06457,0.1,183.1,511.0,POINT CLEAR,IMO8972948,WDB6128,52,0,34,10,4.0,52,A
367463060,2024-01-01T00:00:00,47.33187,-122.50787,0.0,25.3,25.0,WSF CHETZEMOKA,IMO9347669,WDF5502,60,0,83,20,0.0,60,A
368335990,2024-01-01T00:00:00,35.40796,-75.28106,20.8,8.3,7.0,WINDEA INTREPID,,WDP2408,40,0,30,10,0.0,40,A
368274280,2024-01-01T00:00:05,29.97489,-91.26513,4.6,168.4,511.0,AL CENAC,,WDN3711,31,12,26,11,2.8,31,A
367593210,2024-01-01T00:00:05,36.89694,-76.33609,9.5,353.2,511.0,SOUTHERN STAR,IMO8987319,WDG9984,52,15,26,8,3.0,52,A
366727190,2024-01-01T00:00:05,40.66968,-74.01705,0.0,106.0,357.0,JILL REINAUER,IMO7042813,WCW9655,52,0,30,8,4.5,52,A
367651810,2024-01-01T00:00:01,29.73339,-95.13477,0.0,302.4,279.0,KATE GOLDING,,WDH7802,31,0,114,34,2.8,57,A
303308000,2024-01-01T00:00:03,47.65947,-122.38091,0.0,200.3,511.0,AUTUMN DAWN,IMO8882234,WDB8349,30,0,43,10,10.0,0,A
367380940,2024-01-01T00:00:00,33.97110,-118.44958,0.1,315.5,511.0,YEAH BAYBEE!,,WDH3042,37,0,20,6,2.0,37,A
367375270,2024-01-01T00:00:07,47.66678,-122.39346,0.0,360.0,511.0,POLAR WIND,IMO9056258,WDE6058,52,0,27,10,4.0,52,A
338249327,2024-01-01T00:00:05,40.91112,-72.65151,0.0,360.0,511.0,CATHERINE E,IMO0000000,,37,15,10,4,0.0,37,A
366966210,2024-01-01T00:00:00,37.28684,-76.15901,7.6,189.8,189.0,MCALLISTER SISTERS,IMO7638480,WAE7159,31,0,30,12,4.8,31,A
367641460,2024-01-01T00:00:02,41.64157,-70.92131,0.0,354.0,511.0,REALIST,IMO8841814,WDH6772,31,0,26,8,3.5,31,A
368177790,2024-01-01T00:00:02,18.46279,-66.11300,0.0,335.9,75.0,HORNBLOWERSIMPLICITY,,WDL9302,65,0,21,7,6.4,65,A
367592640,2024-01-01T00:00:05,29.83857,-90.04105,0.0,107.6,511.0,CAPT CJ,,WDG9929,31,0,21,7,2.8,31,A
367113620,2024-01-01T00:00:08,33.76039,-118.19236,5.4,227.3,511.0,SPIRIT,,WDD2309,69,0,30,6,0.0,69,A
368214170,2024-01-01T00:00:08,27.84403,-97.52350,0.0,7.8,268.0,BUD GOLDING,,WDM5261,57,12,207,18,3.4,52,A
367666930,2024-01-01T00:00:06,40.92118,-73.16539,0.0,0.0,511.0,S-251SMITHTOWNDPS,,WDH9329,55,0,9,3,1.0,55,A
366972950,2024-01-01T00:00:02,28.93765,-95.33784,3.8,248.5,253.0,FRANCES M DEVALL,,WQZ6719,31,0,19,7,0.5,31,A
368082340,2024-01-01T00:00:02,35.20828,-75.70291,0.0,264.0,138.0,RODANTHE,IMO9841112,WDK7223,65,0,53,18,4.0,65,A
367062810,2024-01-01T00:00:01,35.87101,-75.75439,0.0,360.0,511.0,OCRACOKE,,WAP3947,60,0,43,14,0.0,60,A
367169000,2024-01-01T00:00:02,30.20851,-91.04974,0.0,188.0,282.0,ZEPHYR,,WDM6615,57,12,382,29,3.3,57,A
368219430,2024-01-01T00:00:08,25.74208,-80.17886,0.0,180.9,191.0,GENESIS,IMO9060156,WDM5806,37,0,18,5,0.0,37,A
316042022,2024-01-01T00:00:08,49.31204,-123.10688,0.0,255.5,187.0,SEASPAN RAPTOR,IMO9766994,,52,0,24,11,5.3,52,A
352001438,2024-01-01T00:00:13,37.20325,-76.11756,0.0,354.1,350.0,LIGNUM GRID,IMO9897975,3E2671,70,1,180,32,7.5,70,A
367047170,2024-01-01T00:00:05,45.64741,-122.73944,0.0,348.7,288.0,MAVERICK,,WDC5837,52,0,26,8,3.2,52,A
367535270,2024-01-01T00:00:05,27.85258,-97.06696,0.0,334.4,511.0,LADY JUNE,,WDG4316,31,12,23,10,2.8,31,A
367513190,2024-01-01T00:00:01,46.09065,-122.93206,0.0,5.0,105.0,PORTLAND,IMO8118035,WDG2201,52,0,27,10,3.8,52,A
316018772,2024-01-01T00:00:34,49.19788,-122.94512,0.0,352.9,511.0,SCEPTRE COLUMBIA,,,33,3,73,18,0.3,33,A
368124590,2024-01-01T00:00:07,29.61410,-95.01853,0.0,229.1,86.0,CECIL M,IMO9901855,WDL3746,52,0,30,13,6.2,52,A
367092740,2024-01-01T00:00:05,27.86494,-97.16465,0.0,360.0,511.0,MR DEAN,IMO8644383,WDC8768,31,8,32,9,3.0,31,A
367129820,2024-01-01T00:00:05,30.20822,-90.49149,0.0,360.0,511.0,JACKIE,,WDC2913,31,15,19,7,2.3,22,A
368240920,2024-01-01T00:00:04,17.52756,-67.06129,6.8,143.0,140.0,HOS MAVERICK,IMO9385257,WDM8176,79,0,85,18,3.9,79,A
368090850,2024-01-01T00:00:02,29.42521,-94.71861,0.0,196.8,225.0,LOUISE NEWELL,,WDK8102,31,12,22,9,3.0,31,A
366834350,2024-01-01T00:00:02,29.77415,-95.10067,0.3,46.0,327.0,SAN JOAQUIN,,WDA6619,31,12,73,12,3.4,52,A
368211990,2024-01-01T00:00:00,40.69963,-74.15191,0.0,308.8,359.0,J ARNOLD WITTE,,WDM5041,52,0,23,8,3.0,52,A
368182290,2024-01-01T00:00:01,18.33495,-64.92149,0.0,293.4,310.0,LADY LORRIANE,,WDL9795,37,0,30,8,2.0,37,A
636021579,2024-01-01T00:00:08,31.73702,-79.86054,12.4,53.2,55.0,BUNUN TREASURE,IMO9894715,5LEQ7,70,0,180,30,9.6,70,A
367311510,2024-01-01T00:00:06,30.04900,-90.56917,0.1,182.0,269.0,ST THERESE,,WDD9442,52,0,22,9,2.8,52,A
368279270,2024-01-01T00:00:07,30.73864,-88.04190,4.9,198.1,195.0,JULEANN TORRENCE,,WDN4244,57,0,148,23,2.7,57,A
316004950,2024-01-01T00:00:03,46.91816,-84.94540,13.3,157.9,155.0,SAGINAW,IMO5173876,VF2560,70,0,193,22,5.5,70,A
368238290,2024-01-01T00:00:01,29.45325,-89.61618,5.3,286.1,511.0,A.B. CENAC,,WDM7894,52,15,15,7,0.0,52,A
367013240,2024-01-01T00:00:00,29.94758,-90.16798,0.0,119.4,511.0,CONNIE Z,IMO0000198,WDF2944,52,0,17,8,9.0,52,A
371860000,2024-01-01T00:00:07,32.65425,-79.66697,9.8,121.3,122.0,MSC LORENA,IMO9320403,3EBO9,72,0,275,32,10.4,72,A
367049010,2024-01-01T00:00:06,29.87845,-89.89944,0.0,160.9,511.0,MISS TERRY,,WAO2809,30,15,13,5,0.0,30,A
367416420,2024-01-01T00:00:07,21.31012,-157.86888,0.0,326.2,511.0,FREEDOM,IMO8666501,WDE9353,52,0,28,11,3.6,52,A
339094000,2024-01-01T00:00:01,25.31190,-80.28096,0.0,331.9,89.0,ELYSIAN,,6YWA5,37,0,40,8,2.0,37,A
368063440,2024-01-01T00:00:01,37.77723,-122.30070,4.4,87.2,90.0,CARINA,,WDK5289,60,0,42,12,2.5,60,A
369305000,2024-01-01T00:00:07,40.26479,-73.97586,0.1,52.5,311.0,MAGDALEN,IMO9652210,WDJ7547,33,3,109,24,7.8,33,A
367037240,2024-01-01T00:00:11,46.16814,-123.91428,0.0,0.0,511.0,IRON LADY,IMO8120258,WTK5059,30,3,21,6,0.2,30,A
367584550,2024-01-01T00:00:13,30.20853,-90.49165,0.0,82.2,8.0,MR LEON,IMO0640586,WDG9122,31,5,14,8,2.7,57,A
538004371,2024-01-01T00:00:06,41.33926,-69.39610,11.8,152.6,151.0,ELANDRA BALTIC,IMO9482562,V7WR2,80,0,183,32,8.7,80,A
316014160,2024-01-01T00:00:07,44.76914,-82.82253,12.7,161.1,159.0,MANITOULIN,IMO8810918,XJBX,70,0,203,24,7.0,70,A
338570000,2024-01-01T00:00:00,32.63659,-117.23232,9.2,209.6,213.0,BAYPORT,IMO8993784,WCZ4240,33,0,98,17,6.5,33,A
538010185,2024-01-01T00:00:05,29.98271,-90.39640,0.0,70.7,332.0,SFL OTTAWA,IMO9593012,V7A5726,80,5,274,48,9.3,80,A
368331910,2024-01-01T00:00:07,40.64123,-74.16394,0.0,228.6,284.0,GRACE MCALLISTER,IMO1339569,WDN9965,52,0,28,12,0.0,52,A
366972280,2024-01-01T00:00:07,29.73769,-95.15658,0.0,39.1,511.0,JOEY DEVALL,,WYB7063,31,0,18,7,2.0,31,A
367661220,2024-01-01T00:00:00,40.50405,-80.11299,0.0,358.9,110.0,VULCAN,,WDH8763,31,0,31,8,3.0,57,A
367639270,2024-01-01T00:00:05,29.99013,-90.80499,6.0,46.0,51.0,DENNIS FROMENTHAL,,WDH6560,31,12,88,54,3.4,57,A
338215000,2024-01-01T00:00:02,30.01580,-88.72136,0.1,161.2,160.0,HARVEY GLADIATOR,IMO9752515,WDH6366,70,0,61,14,3.1,70,A
367613790,2024-01-01T00:00:00,30.15014,-89.53748,7.0,263.2,258.0,JOHN DEMPSEY,,WDH4061,31,12,211,18,3.0,57,A
563005200,2024-01-01T00:00:08,19.53140,-66.69375,12.7,86.0,88.0,EPIC SAMOS,IMO9733557,9V2722,80,0,120,21,5.5,80,A
316001257,2024-01-01T00:00:08,49.34954,-123.32838,20.2,211.5,212.0,QUEEN OF OAK BAY,IMO7902283,VG8234,60,0,139,28,5.4,60,A
366985310,2024-01-01T00:00:00,37.85631,-122.47769,0.0,267.1,278.0,BAY MONARCH,,WCZ9381,60,0,39,12,2.4,60,A
366996190,2024-01-01T00:00:05,32.69022,-80.22372,0.0,119.4,341.0,ISLAND FOX,,WDK5842,52,0,17,7,2.5,52,A
368151830,2024-01-01T00:00:05,47.61658,-122.51168,0.0,62.6,511.0,MORE COWBELL,IMO0000000,WDL6550,37,,13,4,,,B
368141480,2024-01-01T00:00:04,47.65876,-122.37911,0.0,214.6,511.0,FOXY LADY,IMO8964563,WDL5479,30,0,39,10,3.0,30,A
367674860,2024-01-01T00:00:05,39.37336,-74.42028,0.0,198.4,511.0,MISS TAYLOR,IMO0000000,WDI2113,30,,15,8,,,B
367029470,2024-01-01T00:00:04,42.34313,-71.02303,7.4,91.1,92.0,BOSTON PILOT CHELSEA,,WDC4722,50,0,15,4,0.0,50,A
338387252,2024-01-01T00:00:03,33.98271,-118.45119,0.0,360.0,511.0,QUACKERS,,,99,15,0,0,0.0,99,A
327801007,2024-01-01T00:00:05,17.68354,-64.74062,10.4,335.6,335.0,SVITZER CATUAN,IMO9788253,HIAA34,52,0,24,11,5.8,52,A
368219290,2024-01-01T00:00:01,29.37606,-94.87119,0.0,305.3,105.0,DEFENDER,IMO1319784,WDM5794,31,12,26,6,2.8,31,A
367666110,2024-01-01T00:00:06,29.76629,-91.71423,5.9,288.1,511.0,JAX,,WDH9245,31,0,12,8,5.7,31,A
366997610,2024-01-01T00:00:08,29.56966,-90.71694,0.0,270.7,511.0,SHIFTER II,,WDH8268,31,0,15,5,2.4,31,A
367015930,2024-01-01T00:00:09,29.26563,-89.35339,0.0,57.7,511.0,MISS APRIL,,WDC3896,52,5,18,6,2.0,52,A
367477560,2024-01-01T00:00:10,29.98532,-90.40553,0.0,208.4,292.0,CAPT PIC NAQUIN,,WDF6760,31,0,225,42,3.2,57,A
367741140,2024-01-01T00:00:07,40.69518,-74.14410,0.0,327.1,258.0,ANDREA,IMO8966717,WDI8687,31,0,28,9,4.0,31,A
368064650,2024-01-01T00:00:08,33.72369,-118.27976,0.0,360.0,511.0,KIN SHIP,,WDK5421,37,15,26,6,0.0,37,A
367474680,2024-01-01T00:00:06,29.64549,-90.32289,5.6,87.7,511.0,PABST,IMO0000047,WDM5955,31,0,61,18,3.1,57,A
367363590,2024-01-01T00:00:00,46.13685,-123.02222,2.8,120.7,112.0,CLARKSTON,,WDE5220,31,12,83,49,3.0,57,A
368135270,2024-01-01T00:00:00,40.70354,-74.00595,0.0,160.5,239.0,CURIOSITY,,WDL4831,60,0,29,8,0.0,60,A
367640860,2024-01-01T00:00:04,39.03625,-76.36805,7.6,200.3,511.0,AMY E HEBERT,IMO7047667,WDN5704,31,0,32,9,4.0,31,A
367709930,2024-01-01T00:00:02,29.51635,-94.51364,4.9,242.8,238.0,CAPT DAVID CARRIERE,IMO1265926,WDI5570,31,12,116,34,3.1,57,A
367457250,2024-01-01T00:00:00,29.32007,-94.78528,0.0,321.5,303.0,GALVESTON,IMO1227743,WDF4916,50,0,22,6,0.0,50,A
367544060,2024-01-01T00:00:04,34.78901,-90.47559,8.9,162.3,148.0,ANN ELISE,,WDG5175,31,12,215,34,2.6,57,A
316001251,2024-01-01T00:00:05,49.25881,-123.68245,19.8,78.7,80.0,QUEEN OF COWICHAN,IMO7411143,CZ4990,60,0,139,27,5.2,60,A
368165580,2024-01-01T00:00:04,30.43089,-91.20822,0.6,125.9,123.0,PARKER JAMES,,WDL8010,57,12,205,22,0.0,57,A
367622520,2024-01-01T00:00:03,29.98607,-90.39888,0.2,268.4,511.0,MAGNOLIA,IMO125279100,WDH4902,31,12,22,10,0.0,31,A
357456000,2024-01-01T00:00:09,39.20473,-73.48466,0.1,288.5,299.0,FUGRO EXPLORER,IMO9208564,3FEV9,90,3,80,16,4.5,90,A
367104050,2024-01-01T00:00:04,34.38979,-120.11743,0.5,228.8,511.0,RYAN T,IMO8982591,WDC9570,60,0,31,8,0.0,60,A
367530220,2024-01-01T00:00:04,47.65733,-122.37949,0.0,347.3,511.0,MARIA MARU,IMO8886008,WDG3842,30,0,21,6,3.9,30,A
367662840,2024-01-01T00:00:02,40.70941,-73.98542,0.0,179.3,511.0,MAJESTIC PRINCESS,,WDH8920,60,0,33,8,2.2,60,A
235108525,2024-01-01T00:00:08,28.69839,-89.35055,10.6,330.7,330.0,KMARIN RESPECT,IMO9683001,2ICH7,89,0,250,44,8.8,89,A
366978210,2024-01-01T00:00:04,29.33813,-94.77504,10.5,3.9,511.0,DEWITT C GREER,IMO9102019,WCP3759,66,0,77,20,3.3,66,A
367455780,2024-01-01T00:00:04,29.14708,-90.22358,0.0,226.9,511.0,ZACHARY TAYLOR,IMO8982589,WDF4780,60,13,38,9,0.0,60,A
368216230,2024-01-01T00:00:04,29.75991,-95.07394,5.2,125.9,131.0,KYLE SMITH,IMO1308580,WDM5469,57,12,24,10,3.1,0,A
367676480,2024-01-01T00:00:03,48.75500,-122.50335,0.0,67.3,511.0,VIS,IMO0000000,WDL2853,30,,18,7,,,B
368213030,2024-01-01T00:00:03,18.34047,-64.79463,0.0,360.0,511.0,FREEDOM,IMO0000000,WDM5146,36,,14,7,,,B
338134545,2024-01-01T00:00:01,43.63762,-70.21318,7.3,329.9,331.0,PATRICIA ANN,IMO0000000,,30,,15,5,,,B
368039750,2024-01-01T00:00:01,38.57271,-90.22858,0.0,54.8,511.0,PRAIRIE HARVEST,,WDK2871,31,0,22,9,2.9,31,A
338467989,2024-01-01T00:00:00,33.98099,-118.45214,0.1,360.0,511.0,STELLA POLARIS,IMO0000000,,37,,11,4,,,B
338390908,2024-01-01T00:00:07,32.76087,-117.23510,0.0,360.0,511.0,MISTY DAWN,IMO0000000,WBB2438,37,,12,4,,,B
636020434,2024-01-01T00:00:05,27.81656,-96.24401,0.5,351.0,235.0,CELESTE NOVA,IMO9534054,D5ZF7,80,0,333,60,20.9,80,A
309372000,2024-01-01T00:00:00,48.35158,-124.33041,14.4,115.9,114.0,MOZU ARROW,IMO8918227,C6NI8,70,0,186,30,8.4,70,A
367455140,2024-01-01T00:00:00,38.63296,-75.61691,0.0,204.0,202.0,D GRAY KIMEL,,WCZ9768,31,0,16,8,2.5,31,A
636015975,2024-01-01T00:00:04,40.32887,-73.87755,0.0,124.2,207.0,AGIOS DIMITRIOS,IMO9349605,D5DU8,71,0,299,40,10.3,71,A
367453030,2024-01-01T00:00:04,30.35172,-81.62033,0.0,360.0,511.0,AEGEAN DAWN,IMO7721988,WDL4296,31,11,32,10,5.0,31,A
367159090,2024-01-01T00:00:03,36.83902,-76.29134,0.0,285.8,218.0,WILLIAM E POOLE,,WDD5490,52,0,23,8,2.1,52,A
338479456,2024-01-01T00:00:01,31.10982,-81.46804,30.4,293.4,284.0,CAT SPLASH FEVER,IMO0000000,,37,,9,3,,,B
367444940,2024-01-01T00:00:00,28.95033,-92.03654,20.4,338.1,511.0,WILDCAT,IMO9076296,WDH8013,69,0,49,10,1.8,69,A
366995360,2024-01-01T00:00:06,30.37544,-91.22739,0.0,221.8,103.0,UNCLE BUD,,WDC2592,31,12,79,11,2.6,52,A
367432180,2024-01-01T00:00:06,35.50759,-90.01387,0.0,285.7,27.0,DENNIS J PASENTINE,,WDF2813,31,12,42,10,3.1,31,A
367694720,2024-01-01T00:00:06,40.64177,-74.19303,0.0,360.0,511.0,JANET D,IMO7327847,WDI4058,31,0,23,9,2.5,99,A
369970479,2024-01-01T00:00:05,38.98416,-76.46728,0.0,346.7,351.0,YP-705,IMO100000705,NFEC,99,0,38,9,3.2,99,A
338127859,2024-01-01T00:00:03,42.04602,-87.68337,0.0,360.0,511.0,VOBAL,IMO0000000,,20,,2,2,,,B
368004350,2024-01-01T00:00:03,30.52417,-91.26953,7.2,64.3,511.0,ROGER L KNIGHT,,WDJ7200,31,12,39,19,2.9,57,A
367551680,2024-01-01T00:00:01,29.75742,-95.09406,0.1,311.4,27.0,SAMMY TATE,,WDG5920,31,12,113,18,2.9,0,A
368167380,2024-01-01T00:00:01,29.23982,-89.34361,29.0,170.3,511.0,ANNA BELLE,IMO0000000,WDL8203,60,,16,5,,,B
368096750,2024-01-01T00:00:01,42.61241,-70.65274,0.0,360.0,511.0,PRINCESS LAURA,IMO7728663,WDK8719,30,15,25,7,12.2,99,A
367391920,2024-01-01T00:00:07,29.11942,-90.20748,0.0,87.1,163.0,GOL SUPPORTER,IMO9559157,WDP3262,70,0,62,14,4.0,70,A
367309480,2024-01-01T00:00:07,45.97560,-122.83595,0.0,272.1,150.0,W E IVANOFF,,WDD9292,52,0,17,6,2.0,52,A
366796250,2024-01-01T00:00:01,39.20126,-74.64137,0.0,236.3,511.0,ILLINOIS,IMO0580274,WYQ3689,33,0,69,20,0.0,33,A
367770980,2024-01-01T00:00:04,49.29218,-123.00347,0.0,152.7,268.0,BILL GOBEL,IMO9835812,WDJ3749,52,12,147,22,4.4,52,A
245639000,2024-01-01T00:00:03,37.08098,-76.10723,10.4,328.3,330.0,FRASERBORG,IMO9419319,PCJS,79,0,156,16,7.7,79,A
367171050,2024-01-01T00:00:02,30.51393,-91.22447,0.0,294.6,511.0,GEORGE E MARBLE,,WDD6300,52,0,16,7,2.4,52,A
368027230,2024-01-01T00:00:02,47.52315,-122.39718,2.1,91.2,88.0,WSF SUQUAMISH,IMO9801782,WDJ9559,60,0,110,25,0.0,60,A
367400370,2024-01-01T00:00:01,44.31598,-124.29924,5.4,198.7,180.0,NORDIC VALOR,,WDE8006,30,0,23,8,0.0,30,A
366904890,2024-01-01T00:00:00,46.78490,-86.66804,11.2,85.2,85.0,HON JAMES L OBERSTAR,IMO5322518,WL3108,70,0,246,24,7.7,70,A
367751160,2024-01-01T00:00:06,29.93439,-89.98743,0.0,3.9,302.0,CHARLIE C,,WDI9685,31,0,211,18,3.1,52,A
366983480,2024-01-01T00:00:05,30.44102,-91.19229,0.1,153.6,511.0,MARGARET F COOPER,,WDB9825,52,0,32,8,3.8,52,A
367005520,2024-01-01T00:00:04,30.27014,-91.61513,0.0,284.1,138.0,CREOLE SUE,IMO521156000,WDC3303,31,0,115,18,2.4,57,A
366921780,2024-01-01T00:00:05,29.31155,-94.80687,0.5,291.4,511.0,JUPITER,IMO8835138,WAK3719,52,0,27,11,5.0,52,A
367641540,2024-01-01T00:00:02,27.84166,-97.51427,1.9,112.3,118.0,CAROL ANN GOLDING,,WDH6780,31,0,116,34,2.8,57,A
367793980,2024-01-01T00:00:01,41.68122,-83.48201,0.0,357.4,225.0,CLEVELAND,,WDJ6062,52,15,19,7,0.0,52,A
352983000,2024-01-01T00:00:02,32.63216,-78.86585,14.2,80.8,82.0,MSC STELLA,IMO9279989,H8PA,71,0,304,40,10.1,71,A
367156260,2024-01-01T00:00:00,29.59709,-90.66566,0.0,13.0,204.0,WARREN THOMAS,IMO9399454,WDJ6269,90,0,46,11,0.0,0,A
367484250,2024-01-01T00:00:07,29.99389,-90.01973,0.0,15.9,254.0,COMMANDER,IMO1232449,WDF7413,31,12,120,34,2.8,57,A
367007240,2024-01-01T00:00:07,29.94382,-90.38440,0.0,353.4,297.0,ALLISON S,IMO1020475,WDC3396,52,0,28,9,0.0,52,A
368330600,2024-01-01T00:00:07,30.05809,-93.71737,0.0,205.0,511.0,FLORENCE DAVIS,IMO8231484,WDN7949,57,12,118,34,2.9,57,A
368097780,2024-01-01T00:00:04,30.05909,-93.52116,4.0,86.8,88.0,EVERARD DUPRE,IMO101269035,WDK8825,52,12,112,18,2.9,57,A
366966060,2024-01-01T00:00:04,30.29017,-86.62297,8.2,273.0,272.0,CONSORT,IMO8317693,WDH6873,31,0,32,9,0.0,31,A
538008990,2024-01-01T00:00:03,32.93501,-117.82593,12.3,334.5,335.0,MAGNOLIA EXPRESS,IMO9901427,V7A4167,80,0,183,32,7.9,80,A
368251250,2024-01-01T00:00:01,28.41537,-80.60915,0.0,360.0,511.0,BAYOU BANDIT,IMO7391032,WDM9280,52,0,21,8,3.0,52,A
367633230,2024-01-01T00:00:01,30.45530,-91.19248,0.0,127.8,353.0,ASHLEY,,WDK9484,52,0,20,8,2.6,52,A
367537450,2024-01-01T00:00:05,29.93721,-90.32573,0.1,303.6,249.0,WILLIAM S,IMO9670286,WDG4522,31,0,29,11,3.7,90,A
368180460,2024-01-01T00:00:01,37.80279,-122.39769,0.0,241.9,229.0,DELTA DEANNA,IMO9833979,WDL9594,52,0,34,10,6.1,52,A
303682000,2024-01-01T00:00:00,29.61140,-94.92705,0.0,347.1,511.0,3301 BOOSTER,,WCG5821,37,15,38,17,0.0,0,A
367388530,2024-01-01T00:00:04,36.95272,-76.32846,0.0,300.6,107.0,FORT BRAGG,IMO8943935,WDE7065,52,0,28,10,4.0,52,A
368199000,2024-01-01T00:00:03,24.87096,-80.32943,14.1,227.2,229.0,AMERICAN PRIDE,IMO9763863,KAPD,80,0,183,32,11.3,80,A
368287070,2024-01-01T00:00:02,29.70159,-89.98380,0.0,174.7,250.0,BOYCE B,,WDN5104,52,0,72,9,3.1,52,A
367719770,2024-01-01T00:00:01,29.92210,-89.97328,0.0,360.0,511.0,THOMAS JEFFERSON,IMO0241522,WDI6544,60,15,34,20,0.0,90,A
367011830,2024-01-01T00:00:00,38.44293,-82.60177,0.0,172.0,168.0,MT. AIRY,IMO100662083,WDC3641,52,12,34,12,2.8,57,A
367544960,2024-01-01T00:00:01,40.54442,-74.25204,3.0,180.9,177.0,THUNDER,,WDG5276,52,0,24,10,2.8,52,A
368926258,2024-01-01T00:00:09,39.26331,-76.60283,0.0,144.1,511.0,CATLETT,,AESZ,33,15,19,7,0.0,33,A
636019582,2024-01-01T00:00:09,36.80558,-75.17530,0.3,60.7,302.0,MSC ARICA,IMO9619452,D5VE2,70,0,299,48,13.7,70,A
367591760,2024-01-01T00:00:05,29.60987,-94.98965,0.1,147.0,511.0,DIAMOND LUGGER,,WDG9849,52,0,21,8,1.3,52,A
563052600,2024-01-01T00:00:05,36.71406,-123.95407,10.9,329.7,330.0,CAP JACKSON,IMO9484560,9V2249,91,0,264,32,10.1,91,A
367007870,2024-01-01T00:00:04,19.98850,-155.10443,8.0,321.4,319.0,HENRY SAUSE,IMO7530078,WTW9259,32,12,33,11,4.0,32,A
368250110,2024-01-01T00:00:05,29.59352,-94.41260,0.6,69.3,60.0,JOSEPH ALFED DEVALL,,WDM9158,32,5,22,9,2.8,32,A
366764730,2024-01-01T00:00:03,32.69591,-117.15250,0.0,288.1,251.0,SCOUT,IMO9188570,WCZ2046,31,0,34,12,5.2,31,A
366920910,2024-01-01T00:00:02,32.83688,-79.89509,0.3,356.5,47.0,THOMAS DANN,IMO8003307,WDG9719,31,0,36,9,5.0,39,A
367552410,2024-01-01T00:00:01,39.91900,-75.13533,0.1,136.5,511.0,ANNABELLE DOROTHY MO,IMO9650406,WDG5993,31,0,26,10,8.4,57,A
311000635,2024-01-01T00:00:00,28.91222,-94.30961,12.5,95.7,102.0,SONANGOL CAZENGA,IMO9766310,C6DC3,80,0,274,48,13.4,80,A
367030520,2024-01-01T00:00:04,34.49630,-90.59199,0.0,347.7,511.0,BIG DADDY,,WDC4779,31,15,27,8,0.0,31,A
368218350,2024-01-01T00:00:03,35.10631,-90.08410,0.0,98.8,264.0,SHAILESH D,,WDM5698,57,12,40,10,3.7,57,A
367796070,2024-01-01T00:00:01,29.78992,-95.08040,0.0,52.6,324.0,BRYCE MORGAN,IMO1277320,WDJ6268,31,12,113,34,2.7,57,A
366961460,2024-01-01T00:00:06,30.04921,-90.53825,0.0,150.0,278.0,DAVID G SEHRT,IMO100500046,WDL2146,31,12,178,33,3.6,57,A
368133450,2024-01-01T00:00:00,33.71840,-118.23353,7.0,231.8,235.0,DARELL HIATT,IMO1301246,WDL4645,31,12,27,10,3.3,31,A
368424000,2024-01-01T00:00:05,29.36824,-92.94034,10.5,115.9,119.0,CROSBY GUARDIAN,IMO9572288,WDH3357,52,0,39,12,0.0,52,A
367702370,2024-01-01T00:00:04,30.01223,-90.73844,0.0,352.6,276.0,SAFETY CHALLENGER,,WDI4822,52,12,22,10,2.8,52,A
366993270,2024-01-01T00:00:03,29.75835,-95.09810,0.2,131.9,297.0,DANIELLE GUIDRY,,WDC2442,31,0,17,7,2.0,57,A
367542650,2024-01-01T00:00:00,29.17900,-89.25809,0.0,345.8,247.0,RIVER PILOT,,WDG5036,50,15,16,3,0.0,50,A
367002580,2024-01-01T00:00:07,29.78993,-93.32345,0.0,360.0,123.0,LUCY MAY,IMO0197533,WDC3098,31,0,22,8,2.7,56,A
368344230,2024-01-01T00:00:04,35.04010,-76.66773,0.0,0.0,511.0,MALIBU MOON,IMO0000000,WDP3307,36,,12,4,,,B
367137180,2024-01-01T00:00:07,34.71798,-76.69565,0.0,306.4,338.0,ALLIE B,IMO7626279,WDD3857,52,0,37,11,4.3,52,A
367713780,2024-01-01T00:00:00,29.54046,-93.74759,24.7,143.2,142.0,PORT ARTHUR,,WDI5961,50,0,17,6,0.0,50,A
367470740,2024-01-01T00:00:04,47.64693,-122.31393,5.8,144.1,511.0,GRAND ADVENTURE,IMO0000000,WDK8953,37,,15,5,,,B
366874650,2024-01-01T00:00:04,28.97443,-89.50269,0.7,355.4,511.0,MR HENRY,IMO9283083,WDB2323,60,0,43,10,2.5,60,A
368060930,2024-01-01T00:00:03,30.12751,-90.91887,4.5,254.1,511.0,GUN RUNNER,,WDK5024,31,0,18,6,3.0,31,A
538007466,2024-01-01T00:00:04,40.45439,-73.64838,6.5,264.9,268.0,SFL TRINITY,IMO9799862,V7PC7,80,0,250,44,12.2,80,A
366920310,2024-01-01T00:00:00,40.56003,-74.23000,0.0,278.7,511.0,LIZ VINIK,IMO5107918,WDJ7775,52,0,28,10,4.6,52,A
368304090,2024-01-01T00:00:02,29.23698,-89.36174,0.0,271.6,511.0,WENDY LOU,,WDN6970,70,0,35,8,2.0,39,A
367505780,2024-01-01T00:00:00,27.83808,-97.50688,1.4,278.6,296.0,CPL JACOB C LEICHT,IMO101236196,WDF9500,31,0,124,33,3.0,57,A
269114130,2024-01-01T00:00:03,17.96328,-65.65346,6.1,29.3,511.0,EVER GREEN,IMO0000000,HBY5461,36,,15,4,,,B
338398366,2024-01-01T00:00:03,47.64426,-122.31521,0.3,360.0,511.0,NIRVANA,IMO0000000,,37,,14,5,,,B
368187170,2024-01-01T00:00:08,18.05356,-65.83675,0.0,360.0,511.0,CABO PEYO,IMO7306790,WDM2338,52,0,63,14,4.0,52,A
368070610,2024-01-01T00:00:02,48.51361,-122.60709,0.0,229.8,511.0,BELLATRIX,IMO0000000,WDK6036,36,,14,4,,,B
